case_id,cer,checkpoint,clipping_ratio,duration,engine,generated_audio,inference_time,nfe,peak,real_time_factor,reference_audio,reference_text,rms,seed,speaker_similarity,spectral_flatness,status,transcript,wer
mms-s1-greeting,0.19642857142857142,,0.0,4.544,mms,/Users/vudjeuvuj84gmail.com/Downloads/STUDY/FPTU/2026/Summer 2026/DSP391m/Do_An_F5TTS/vietnamese-voice-cloning-studio/outputs/benchmark/mms__s1-greeting.wav,7.26,,0.708160400390625,1.597711267605634,/Users/vudjeuvuj84gmail.com/Downloads/STUDY/FPTU/2026/Summer 2026/DSP391m/Do_An_F5TTS/vietnamese-voice-cloning-studio/reference_audio/sample_clean_vi.wav,"Xin chào, đây là hệ thống nhân bản giọng nói tiếng Việt.",0.09336597801563952,42,0.6012089345105941,0.014393188706196847,ok,"Xin chào đây lại thống nhân bạn giọng nói, kiến việc.",0.5833333333333334
mms-s2-general,0.03896103896103896,,0.0,6.368,mms,/Users/vudjeuvuj84gmail.com/Downloads/STUDY/FPTU/2026/Summer 2026/DSP391m/Do_An_F5TTS/vietnamese-voice-cloning-studio/outputs/benchmark/mms__s2-general.wav,1.25,,0.806976318359375,0.1962939698492462,/Users/vudjeuvuj84gmail.com/Downloads/STUDY/FPTU/2026/Summer 2026/DSP391m/Do_An_F5TTS/vietnamese-voice-cloning-studio/reference_audio/sample_clean_vi.wav,Trí tuệ nhân tạo đang thay đổi cách con người giao tiếp và làm việc mỗi ngày.,0.12059091699780927,42,0.6012513598682804,0.00852712060328091,ok,Chí tệ nhân tạo đang thay đổi cách con người giao tiếp và làm việc mỗi ngày.,0.11764705882352941
mms-s3-number,0.6666666666666666,,0.0,3.264,mms,/Users/vudjeuvuj84gmail.com/Downloads/STUDY/FPTU/2026/Summer 2026/DSP391m/Do_An_F5TTS/vietnamese-voice-cloning-studio/outputs/benchmark/mms__s3-number.wav,0.63,,0.8211669921875,0.19301470588235295,/Users/vudjeuvuj84gmail.com/Downloads/STUDY/FPTU/2026/Summer 2026/DSP391m/Do_An_F5TTS/vietnamese-voice-cloning-studio/reference_audio/sample_clean_vi.wav,Hóa đơn có giá một trăm hai mươi lăm nghìn đồng.,0.13458743796201658,42,0.631557909593376,0.013615369528385301,ok,Quả đừng có giá 125.000 đồng.,0.7272727272727273
mms-s4-date,0.6438356164383562,,0.0,5.68,mms,/Users/vudjeuvuj84gmail.com/Downloads/STUDY/FPTU/2026/Summer 2026/DSP391m/Do_An_F5TTS/vietnamese-voice-cloning-studio/outputs/benchmark/mms__s4-date.wav,1.08,,0.882598876953125,0.19014084507042256,/Users/vudjeuvuj84gmail.com/Downloads/STUDY/FPTU/2026/Summer 2026/DSP391m/Do_An_F5TTS/vietnamese-voice-cloning-studio/reference_audio/sample_clean_vi.wav,Hôm nay là ngày mười tám tháng bảy năm hai nghìn không trăm hai mươi sáu.,0.10347681869466455,42,0.6166988332558159,0.008082986196491454,ok,"Ông này là ngày 18 tháng 7 năm 2000, 026.",0.75
mms-s5-question,0.09803921568627451,,0.0,5.664,mms,/Users/vudjeuvuj84gmail.com/Downloads/STUDY/FPTU/2026/Summer 2026/DSP391m/Do_An_F5TTS/vietnamese-voice-cloning-studio/outputs/benchmark/mms__s5-question.wav,1.06,,0.8258056640625,0.18714689265536724,/Users/vudjeuvuj84gmail.com/Downloads/STUDY/FPTU/2026/Summer 2026/DSP391m/Do_An_F5TTS/vietnamese-voice-cloning-studio/reference_audio/sample_clean_vi.wav,"Nếu trời mưa, chúng ta có nên hoãn chuyến đi không?",0.12058135260064469,42,0.676020012754034,0.0062048854373316555,ok,"Nếu trời mưa chúng ta, có nên hoảng chuyên đi không?",0.36363636363636365
mms-s6-compound,0.061224489795918366,,0.0,7.312,mms,/Users/vudjeuvuj84gmail.com/Downloads/STUDY/FPTU/2026/Summer 2026/DSP391m/Do_An_F5TTS/vietnamese-voice-cloning-studio/outputs/benchmark/mms__s6-compound.wav,1.46,,0.887908935546875,0.199671772428884,/Users/vudjeuvuj84gmail.com/Downloads/STUDY/FPTU/2026/Summer 2026/DSP391m/Do_An_F5TTS/vietnamese-voice-cloning-studio/reference_audio/sample_clean_vi.wav,"Mặc dù trời mưa rất to, các sinh viên vẫn đến lớp đúng giờ, vì hôm nay có bài kiểm tra quan trọng.",0.13377333431203836,42,0.5748980279565147,0.004052142664338732,ok,"Mặt dù trời ngưa rất to các sinh viên vẫn đến hớt đúng giờ, vì hôm nay có bài kiểm tra quan trọng.",0.17391304347826086
mms-s7-long,0.15527950310559005,,0.0,12.384,mms,/Users/vudjeuvuj84gmail.com/Downloads/STUDY/FPTU/2026/Summer 2026/DSP391m/Do_An_F5TTS/vietnamese-voice-cloning-studio/outputs/benchmark/mms__s7-long.wav,2.47,,0.804412841796875,0.19945090439276486,/Users/vudjeuvuj84gmail.com/Downloads/STUDY/FPTU/2026/Summer 2026/DSP391m/Do_An_F5TTS/vietnamese-voice-cloning-studio/reference_audio/sample_clean_vi.wav,"Trí tuệ nhân tạo đang hỗ trợ con người trong giáo dục, y tế và sản xuất; tuy nhiên, chúng ta cần sử dụng công nghệ một cách minh bạch, an toàn và có trách nhiệm.",0.09800176327077684,42,0.6226644195261345,0.03491084647045073,ok,Ký tội nhân tạo đang hỗ cửa con người trong giáo dục di tế và sản xuất tuy nhiên chúng ta từng sử dụng công nghệ một cách minh bật an toàn và có cách nhịn.,0.3055555555555556
piper-s1-greeting,0.07142857142857142,,0.0,2.6238548752834467,piper,/Users/vudjeuvuj84gmail.com/Downloads/STUDY/FPTU/2026/Summer 2026/DSP391m/Do_An_F5TTS/vietnamese-voice-cloning-studio/outputs/benchmark/piper__s1-greeting.wav,2.15,,0.990020751953125,0.8194050746681415,/Users/vudjeuvuj84gmail.com/Downloads/STUDY/FPTU/2026/Summer 2026/DSP391m/Do_An_F5TTS/vietnamese-voice-cloning-studio/reference_audio/sample_clean_vi.wav,"Xin chào, đây là hệ thống nhân bản giọng nói tiếng Việt.",0.18500482971736834,42,0.6472832949338736,0.0007331226238800421,ok,"Xin chào, đây là hệ thống nhân bản xọc nói tiếng Việt.",0.08333333333333333
piper-s2-general,0.025974025974025976,,0.0,3.657142857142857,piper,/Users/vudjeuvuj84gmail.com/Downloads/STUDY/FPTU/2026/Summer 2026/DSP391m/Do_An_F5TTS/vietnamese-voice-cloning-studio/outputs/benchmark/piper__s2-general.wav,0.18,,0.990020751953125,0.04921875,/Users/vudjeuvuj84gmail.com/Downloads/STUDY/FPTU/2026/Summer 2026/DSP391m/Do_An_F5TTS/vietnamese-voice-cloning-studio/reference_audio/sample_clean_vi.wav,Trí tuệ nhân tạo đang thay đổi cách con người giao tiếp và làm việc mỗi ngày.,0.15409105747088156,42,0.6213143911764184,0.0005183320549662615,ok,Chí tuệ nhân tạo đang thay đổi cách con người giao tiếp và làm việc mỗi ngày.,0.058823529411764705
piper-s3-number,0.7083333333333334,,0.0,2.066575963718821,piper,/Users/vudjeuvuj84gmail.com/Downloads/STUDY/FPTU/2026/Summer 2026/DSP391m/Do_An_F5TTS/vietnamese-voice-cloning-studio/outputs/benchmark/piper__s3-number.wav,0.09,,0.990020751953125,0.043550298455056174,/Users/vudjeuvuj84gmail.com/Downloads/STUDY/FPTU/2026/Summer 2026/DSP391m/Do_An_F5TTS/vietnamese-voice-cloning-studio/reference_audio/sample_clean_vi.wav,Hóa đơn có giá một trăm hai mươi lăm nghìn đồng.,0.18589031686843824,42,0.6085200651354371,0.0006024943382744318,ok,Khoát đơn có xá 125.000 đồng.,0.7272727272727273
piper-s4-date,0.6027397260273972,,0.0,3.274013605442177,piper,/Users/vudjeuvuj84gmail.com/Downloads/STUDY/FPTU/2026/Summer 2026/DSP391m/Do_An_F5TTS/vietnamese-voice-cloning-studio/outputs/benchmark/piper__s4-date.wav,0.14,,0.990020751953125,0.042760970744680854,/Users/vudjeuvuj84gmail.com/Downloads/STUDY/FPTU/2026/Summer 2026/DSP391m/Do_An_F5TTS/vietnamese-voice-cloning-studio/reference_audio/sample_clean_vi.wav,Hôm nay là ngày mười tám tháng bảy năm hai nghìn không trăm hai mươi sáu.,0.177402213095285,42,0.6389292407885577,0.0008075089527113905,ok,Hôm nay là ngày 18 tháng 7 năm 2016.,0.625
piper-s5-question,0.0196078431372549,,0.0,2.36843537414966,piper,/Users/vudjeuvuj84gmail.com/Downloads/STUDY/FPTU/2026/Summer 2026/DSP391m/Do_An_F5TTS/vietnamese-voice-cloning-studio/outputs/benchmark/piper__s5-question.wav,0.1,,0.990020751953125,0.042221966911764705,/Users/vudjeuvuj84gmail.com/Downloads/STUDY/FPTU/2026/Summer 2026/DSP391m/Do_An_F5TTS/vietnamese-voice-cloning-studio/reference_audio/sample_clean_vi.wav,"Nếu trời mưa, chúng ta có nên hoãn chuyến đi không?",0.15707737321499038,42,0.64402920469184,0.0005202675743550155,ok,"Nếu trời mưa, chúng ta có nên hoãn chuyến đi không?""",0.09090909090909091
piper-s6-compound,0.030612244897959183,,0.0,5.050340136054421,piper,/Users/vudjeuvuj84gmail.com/Downloads/STUDY/FPTU/2026/Summer 2026/DSP391m/Do_An_F5TTS/vietnamese-voice-cloning-studio/outputs/benchmark/piper__s6-compound.wav,0.21,,0.990020751953125,0.04158135775862069,/Users/vudjeuvuj84gmail.com/Downloads/STUDY/FPTU/2026/Summer 2026/DSP391m/Do_An_F5TTS/vietnamese-voice-cloning-studio/reference_audio/sample_clean_vi.wav,"Mặc dù trời mưa rất to, các sinh viên vẫn đến lớp đúng giờ, vì hôm nay có bài kiểm tra quan trọng.",0.16845908510545976,42,0.6496808817639659,0.0008160333074173741,ok,Mặc dù trời mưa rất tạo các sinh viên vẫn đến lớp đúng giờ vì hôm nay có bài kiểm tra quan trọng.,0.08695652173913043
piper-s7-long,0.06832298136645963,,0.0,7.720634920634921,piper,/Users/vudjeuvuj84gmail.com/Downloads/STUDY/FPTU/2026/Summer 2026/DSP391m/Do_An_F5TTS/vietnamese-voice-cloning-studio/outputs/benchmark/piper__s7-long.wav,0.32,,0.990020751953125,0.04144736842105263,/Users/vudjeuvuj84gmail.com/Downloads/STUDY/FPTU/2026/Summer 2026/DSP391m/Do_An_F5TTS/vietnamese-voice-cloning-studio/reference_audio/sample_clean_vi.wav,"Trí tuệ nhân tạo đang hỗ trợ con người trong giáo dục, y tế và sản xuất; tuy nhiên, chúng ta cần sử dụng công nghệ một cách minh bạch, an toàn và có trách nhiệm.",0.1445032127688753,42,0.6487805909197473,0.0008978802566850589,ok,"Chí tuệ nhân tạo đang hỗ trợ con người trong xáo dục, y tế và sản xuất tuyên nhiến, chúng ta cần sử dụng công nghệ một cách mình bạch an toàn và có trách nhiệm"".",0.2222222222222222
f5tts-s1-greeting,0.08928571428571429,,0.0,3.2746666666666666,f5tts,/Users/vudjeuvuj84gmail.com/Downloads/STUDY/FPTU/2026/Summer 2026/DSP391m/Do_An_F5TTS/vietnamese-voice-cloning-studio/outputs/benchmark/f5tts__s1-greeting.wav,134.11,32,0.989990234375,40.953786644951144,/Users/vudjeuvuj84gmail.com/Downloads/STUDY/FPTU/2026/Summer 2026/DSP391m/Do_An_F5TTS/vietnamese-voice-cloning-studio/reference_audio/sample_clean_vi.wav,"Xin chào, đây là hệ thống nhân bản giọng nói tiếng Việt.",0.11674061678049563,42,0.8529699393231864,0.07902945887813072,ok,"Xin chào, đây là hệ thống nhân đoàn dọng nói tiếng Việt.",0.16666666666666666
f5tts-s2-general,0.025974025974025976,,0.0,4.426666666666667,f5tts,/Users/vudjeuvuj84gmail.com/Downloads/STUDY/FPTU/2026/Summer 2026/DSP391m/Do_An_F5TTS/vietnamese-voice-cloning-studio/outputs/benchmark/f5tts__s2-general.wav,77.42,32,0.989990234375,17.4894578313253,/Users/vudjeuvuj84gmail.com/Downloads/STUDY/FPTU/2026/Summer 2026/DSP391m/Do_An_F5TTS/vietnamese-voice-cloning-studio/reference_audio/sample_clean_vi.wav,Trí tuệ nhân tạo đang thay đổi cách con người giao tiếp và làm việc mỗi ngày.,0.10105263765707326,42,0.859528375441872,0.112712403749655,ok,Chí tuệ nhân tạo đang thay đổi cách con người giao tiếp và làm việc mỗi ngày.,0.058823529411764705
f5tts-s3-number,0.5625,,0.0,2.784,f5tts,/Users/vudjeuvuj84gmail.com/Downloads/STUDY/FPTU/2026/Summer 2026/DSP391m/Do_An_F5TTS/vietnamese-voice-cloning-studio/outputs/benchmark/f5tts__s3-number.wav,68.65,32,0.990020751953125,24.658764367816097,/Users/vudjeuvuj84gmail.com/Downloads/STUDY/FPTU/2026/Summer 2026/DSP391m/Do_An_F5TTS/vietnamese-voice-cloning-studio/reference_audio/sample_clean_vi.wav,Hóa đơn có giá một trăm hai mươi lăm nghìn đồng.,0.11664578039757088,42,0.8565415310539471,0.10562023886903314,ok,Hóa đơn có giá 125.000 đồng.,0.5454545454545454
f5tts-s4-date,0.6027397260273972,,0.0,3.989333333333333,f5tts,/Users/vudjeuvuj84gmail.com/Downloads/STUDY/FPTU/2026/Summer 2026/DSP391m/Do_An_F5TTS/vietnamese-voice-cloning-studio/outputs/benchmark/f5tts__s4-date.wav,75.74,32,0.990020751953125,18.985628342245988,/Users/vudjeuvuj84gmail.com/Downloads/STUDY/FPTU/2026/Summer 2026/DSP391m/Do_An_F5TTS/vietnamese-voice-cloning-studio/reference_audio/sample_clean_vi.wav,Hôm nay là ngày mười tám tháng bảy năm hai nghìn không trăm hai mươi sáu.,0.12345431005911212,42,0.8697808254595675,0.06713206295985402,ok,Hôm nay là ngày 18 tháng 7 năm 2026.,0.625
f5tts-s5-question,0.0,,0.0,2.8266666666666667,f5tts,/Users/vudjeuvuj84gmail.com/Downloads/STUDY/FPTU/2026/Summer 2026/DSP391m/Do_An_F5TTS/vietnamese-voice-cloning-studio/outputs/benchmark/f5tts__s5-question.wav,76.73,32,0.989990234375,27.14504716981132,/Users/vudjeuvuj84gmail.com/Downloads/STUDY/FPTU/2026/Summer 2026/DSP391m/Do_An_F5TTS/vietnamese-voice-cloning-studio/reference_audio/sample_clean_vi.wav,"Nếu trời mưa, chúng ta có nên hoãn chuyến đi không?",0.1343897136143564,42,0.7957748292498085,0.09247200563173961,ok,"Nếu trời mưa, chúng ta có nên hoãn chuyến đi không?",0.0
f5tts-s6-compound,0.02040816326530612,,0.0,5.632,f5tts,/Users/vudjeuvuj84gmail.com/Downloads/STUDY/FPTU/2026/Summer 2026/DSP391m/Do_An_F5TTS/vietnamese-voice-cloning-studio/outputs/benchmark/f5tts__s6-compound.wav,100.62,32,0.990020751953125,17.865767045454547,/Users/vudjeuvuj84gmail.com/Downloads/STUDY/FPTU/2026/Summer 2026/DSP391m/Do_An_F5TTS/vietnamese-voice-cloning-studio/reference_audio/sample_clean_vi.wav,"Mặc dù trời mưa rất to, các sinh viên vẫn đến lớp đúng giờ, vì hôm nay có bài kiểm tra quan trọng.",0.1414690059432248,42,0.8994763610494915,0.09049283678610856,ok,Mặc dù trời mưa rất to các sinh viên vẫn đến lớp đúng giờ vì hôm nay có bài kiểm tra quan trọng.,0.08695652173913043
f5tts-s7-long,0.024844720496894408,,0.0,9.194666666666667,f5tts,/Users/vudjeuvuj84gmail.com/Downloads/STUDY/FPTU/2026/Summer 2026/DSP391m/Do_An_F5TTS/vietnamese-voice-cloning-studio/outputs/benchmark/f5tts__s7-long.wav,111.48,32,0.990020751953125,12.124419953596288,/Users/vudjeuvuj84gmail.com/Downloads/STUDY/FPTU/2026/Summer 2026/DSP391m/Do_An_F5TTS/vietnamese-voice-cloning-studio/reference_audio/sample_clean_vi.wav,"Trí tuệ nhân tạo đang hỗ trợ con người trong giáo dục, y tế và sản xuất; tuy nhiên, chúng ta cần sử dụng công nghệ một cách minh bạch, an toàn và có trách nhiệm.",0.10977692254973741,42,0.9027396319712774,0.1398650540812738,ok,"Chí tuệ nhân tạo đang hỗ trợ con người trong giáo sục, y tế và sản xuất, tuy nhiên, chúng ta cần sử dụng công nghệ một cách minh bạch, an toàn và có trách nhiệm.",0.08333333333333333
xtts-s1-greeting,0.05357142857142857,,0.0,3.6586666666666665,xtts,/Users/vudjeuvuj84gmail.com/Downloads/STUDY/FPTU/2026/Summer 2026/DSP391m/Do_An_F5TTS/vietnamese-voice-cloning-studio/outputs/benchmark/xtts__s1-greeting.wav,32.27,,0.897918701171875,8.820153061224492,/Users/vudjeuvuj84gmail.com/Downloads/STUDY/FPTU/2026/Summer 2026/DSP391m/Do_An_F5TTS/vietnamese-voice-cloning-studio/reference_audio/sample_clean_vi.wav,"Xin chào, đây là hệ thống nhân bản giọng nói tiếng Việt.",0.16432071525130493,42,0.8569663015482163,0.03420712860267581,ok,"Xin chào, đây là hệ thống nhân bản dọn nói tiếng Việt.",0.08333333333333333
xtts-s2-general,0.06493506493506493,,0.0,4.266666666666667,xtts,/Users/vudjeuvuj84gmail.com/Downloads/STUDY/FPTU/2026/Summer 2026/DSP391m/Do_An_F5TTS/vietnamese-voice-cloning-studio/outputs/benchmark/xtts__s2-general.wav,7.96,,0.9068603515625,1.865625,/Users/vudjeuvuj84gmail.com/Downloads/STUDY/FPTU/2026/Summer 2026/DSP391m/Do_An_F5TTS/vietnamese-voice-cloning-studio/reference_audio/sample_clean_vi.wav,Trí tuệ nhân tạo đang thay đổi cách con người giao tiếp và làm việc mỗi ngày.,0.16517876119133587,42,0.8875003420642836,0.045609312921363034,ok,Chỉ tựa nhân tạo đang thay đổi cách con người giao tiếp và làm việc mỗi ngày.,0.11764705882352941
xtts-s3-number,0.5625,,0.0,3.5733333333333333,xtts,/Users/vudjeuvuj84gmail.com/Downloads/STUDY/FPTU/2026/Summer 2026/DSP391m/Do_An_F5TTS/vietnamese-voice-cloning-studio/outputs/benchmark/xtts__s3-number.wav,6.76,,0.86273193359375,1.8917910447761195,/Users/vudjeuvuj84gmail.com/Downloads/STUDY/FPTU/2026/Summer 2026/DSP391m/Do_An_F5TTS/vietnamese-voice-cloning-studio/reference_audio/sample_clean_vi.wav,Hóa đơn có giá một trăm hai mươi lăm nghìn đồng.,0.17274027824917448,42,0.8784303152275924,0.05864957927948913,ok,Hóa đơn có giá 125.000 đồng.,0.5454545454545454
xtts-s4-date,0.6027397260273972,,0.0,4.085333333333334,xtts,/Users/vudjeuvuj84gmail.com/Downloads/STUDY/FPTU/2026/Summer 2026/DSP391m/Do_An_F5TTS/vietnamese-voice-cloning-studio/outputs/benchmark/xtts__s4-date.wav,6.78,,0.9244384765625,1.6595953002610966,/Users/vudjeuvuj84gmail.com/Downloads/STUDY/FPTU/2026/Summer 2026/DSP391m/Do_An_F5TTS/vietnamese-voice-cloning-studio/reference_audio/sample_clean_vi.wav,Hôm nay là ngày mười tám tháng bảy năm hai nghìn không trăm hai mươi sáu.,0.16470120697780624,42,0.8548536709817447,0.03584321554922767,ok,"Hôm nay là ngày 18 tháng 7, năm 2026.",0.625
xtts-s5-question,0.0,,0.0,3.808,xtts,/Users/vudjeuvuj84gmail.com/Downloads/STUDY/FPTU/2026/Summer 2026/DSP391m/Do_An_F5TTS/vietnamese-voice-cloning-studio/outputs/benchmark/xtts__s5-question.wav,6.51,,0.95733642578125,1.7095588235294117,/Users/vudjeuvuj84gmail.com/Downloads/STUDY/FPTU/2026/Summer 2026/DSP391m/Do_An_F5TTS/vietnamese-voice-cloning-studio/reference_audio/sample_clean_vi.wav,"Nếu trời mưa, chúng ta có nên hoãn chuyến đi không?",0.16494806350866037,42,0.8455047351647632,0.048715704747059115,ok,"Nếu trời mưa, chúng ta có nên hoãn chuyến đi không?",0.0
xtts-s6-compound,0.01020408163265306,,0.0,5.472,xtts,/Users/vudjeuvuj84gmail.com/Downloads/STUDY/FPTU/2026/Summer 2026/DSP391m/Do_An_F5TTS/vietnamese-voice-cloning-studio/outputs/benchmark/xtts__s6-compound.wav,9.23,,0.912445068359375,1.6867690058479532,/Users/vudjeuvuj84gmail.com/Downloads/STUDY/FPTU/2026/Summer 2026/DSP391m/Do_An_F5TTS/vietnamese-voice-cloning-studio/reference_audio/sample_clean_vi.wav,"Mặc dù trời mưa rất to, các sinh viên vẫn đến lớp đúng giờ, vì hôm nay có bài kiểm tra quan trọng.",0.16656805838539177,42,0.887460917968896,0.048503016616111165,ok,"Mặc dù trời mưa rất to, các sinh viên vẫn đến lớp đúng giờ vì hôm nay có bài kiểm tra quan trọng.",0.043478260869565216
xtts-s7-long,0.043478260869565216,,0.0,8.170666666666667,xtts,/Users/vudjeuvuj84gmail.com/Downloads/STUDY/FPTU/2026/Summer 2026/DSP391m/Do_An_F5TTS/vietnamese-voice-cloning-studio/outputs/benchmark/xtts__s7-long.wav,23.05,,0.95050048828125,2.821067232375979,/Users/vudjeuvuj84gmail.com/Downloads/STUDY/FPTU/2026/Summer 2026/DSP391m/Do_An_F5TTS/vietnamese-voice-cloning-studio/reference_audio/sample_clean_vi.wav,"Trí tuệ nhân tạo đang hỗ trợ con người trong giáo dục, y tế và sản xuất; tuy nhiên, chúng ta cần sử dụng công nghệ một cách minh bạch, an toàn và có trách nhiệm.",0.1634225203256996,42,0.9259498829334657,0.06219198016119035,ok,"Chí tựa nhân tạo đang hỗ trợ con người trong giáo dục, y tế và sản xuất, tì nhiên, chúng ta cần sử dụng công nghệ một cách minh bạch, an toàn và có trách nhiệm.",0.1111111111111111
edge-s1-greeting,0.03571428571428571,,0.0,4.056,edge,/Users/vudjeuvuj84gmail.com/Downloads/STUDY/FPTU/2026/Summer 2026/DSP391m/Do_An_F5TTS/vietnamese-voice-cloning-studio/outputs/benchmark/edge__s1-greeting.wav,1.78,,0.626739501953125,0.4388560157790927,/Users/vudjeuvuj84gmail.com/Downloads/STUDY/FPTU/2026/Summer 2026/DSP391m/Do_An_F5TTS/vietnamese-voice-cloning-studio/reference_audio/sample_clean_vi.wav,"Xin chào, đây là hệ thống nhân bản giọng nói tiếng Việt.",0.11309473923965808,42,0.5530174178421899,0.0011542216483528605,ok,"Xin chào, đây là hệ thống nhân bản dọng nói tiếng Việt.",0.08333333333333333
edge-s2-general,0.06493506493506493,,0.0,4.632,edge,/Users/vudjeuvuj84gmail.com/Downloads/STUDY/FPTU/2026/Summer 2026/DSP391m/Do_An_F5TTS/vietnamese-voice-cloning-studio/outputs/benchmark/edge__s2-general.wav,0.7,,0.666595458984375,0.15112262521588946,/Users/vudjeuvuj84gmail.com/Downloads/STUDY/FPTU/2026/Summer 2026/DSP391m/Do_An_F5TTS/vietnamese-voice-cloning-studio/reference_audio/sample_clean_vi.wav,Trí tuệ nhân tạo đang thay đổi cách con người giao tiếp và làm việc mỗi ngày.,0.1200038596987994,42,0.5613032318744492,0.0012605976158852285,ok,Chí tuệ nhân tạo đang thay đổi chất con người giao tiếp và làm việc mỗi ngày.,0.11764705882352941
edge-s3-number,0.6875,,0.0,3.384,edge,/Users/vudjeuvuj84gmail.com/Downloads/STUDY/FPTU/2026/Summer 2026/DSP391m/Do_An_F5TTS/vietnamese-voice-cloning-studio/outputs/benchmark/edge__s3-number.wav,2.2,,0.704925537109375,0.6501182033096927,/Users/vudjeuvuj84gmail.com/Downloads/STUDY/FPTU/2026/Summer 2026/DSP391m/Do_An_F5TTS/vietnamese-voice-cloning-studio/reference_audio/sample_clean_vi.wav,Hóa đơn có giá một trăm hai mươi lăm nghìn đồng.,0.1204819126232544,42,0.5350746309056493,0.0007521518342165288,ok,Hoái đường có giá 125.000 đồng.,0.7272727272727273
edge-s4-date,0.6027397260273972,,0.0,4.44,edge,/Users/vudjeuvuj84gmail.com/Downloads/STUDY/FPTU/2026/Summer 2026/DSP391m/Do_An_F5TTS/vietnamese-voice-cloning-studio/outputs/benchmark/edge__s4-date.wav,2.7,,0.593719482421875,0.6081081081081081,/Users/vudjeuvuj84gmail.com/Downloads/STUDY/FPTU/2026/Summer 2026/DSP391m/Do_An_F5TTS/vietnamese-voice-cloning-studio/reference_audio/sample_clean_vi.wav,Hôm nay là ngày mười tám tháng bảy năm hai nghìn không trăm hai mươi sáu.,0.11226140837110926,42,0.5816306874685625,0.0014186597445644804,ok,Hôm nay là ngày 18 tháng 7 năm 2026.,0.625
edge-s5-question,0.0392156862745098,,0.0,3.792,edge,/Users/vudjeuvuj84gmail.com/Downloads/STUDY/FPTU/2026/Summer 2026/DSP391m/Do_An_F5TTS/vietnamese-voice-cloning-studio/outputs/benchmark/edge__s5-question.wav,2.57,,0.804595947265625,0.6777426160337553,/Users/vudjeuvuj84gmail.com/Downloads/STUDY/FPTU/2026/Summer 2026/DSP391m/Do_An_F5TTS/vietnamese-voice-cloning-studio/reference_audio/sample_clean_vi.wav,"Nếu trời mưa, chúng ta có nên hoãn chuyến đi không?",0.11418672358972448,42,0.555109490108465,0.001440411566168943,ok,"Nếu trời mưa, chúng ta có nên hoảng chuyến đi không?",0.09090909090909091
edge-s6-compound,0.0,,0.0,6.432,edge,/Users/vudjeuvuj84gmail.com/Downloads/STUDY/FPTU/2026/Summer 2026/DSP391m/Do_An_F5TTS/vietnamese-voice-cloning-studio/outputs/benchmark/edge__s6-compound.wav,4.32,,0.65826416015625,0.6716417910447762,/Users/vudjeuvuj84gmail.com/Downloads/STUDY/FPTU/2026/Summer 2026/DSP391m/Do_An_F5TTS/vietnamese-voice-cloning-studio/reference_audio/sample_clean_vi.wav,"Mặc dù trời mưa rất to, các sinh viên vẫn đến lớp đúng giờ, vì hôm nay có bài kiểm tra quan trọng.",0.11630936441382216,42,0.5817099371438159,0.0017632911796790177,ok,"Mặc dù trời mưa rất to, các sinh viên vẫn đến lớp đúng giờ, vì hôm nay có bài kiểm tra quan trọng.",0.0
edge-s7-long,0.006211180124223602,,0.0,9.36,edge,/Users/vudjeuvuj84gmail.com/Downloads/STUDY/FPTU/2026/Summer 2026/DSP391m/Do_An_F5TTS/vietnamese-voice-cloning-studio/outputs/benchmark/edge__s7-long.wav,6.35,,0.66815185546875,0.6784188034188035,/Users/vudjeuvuj84gmail.com/Downloads/STUDY/FPTU/2026/Summer 2026/DSP391m/Do_An_F5TTS/vietnamese-voice-cloning-studio/reference_audio/sample_clean_vi.wav,"Trí tuệ nhân tạo đang hỗ trợ con người trong giáo dục, y tế và sản xuất; tuy nhiên, chúng ta cần sử dụng công nghệ một cách minh bạch, an toàn và có trách nhiệm.",0.11727495416545405,42,0.5856343111348673,0.0019138558586320603,ok,"Trí tuệ nhân tạo đang hỗ trợ con người trong giáo dục, y tế và sản xuất, tuy nhiên, chúng ta cần sử dụng công nghệ một cách minh bạch, an toàn và có trách nhiệm.",0.027777777777777776
bark-s1-greeting,0.9642857142857143,,0.0,13.746666666666666,bark,/Users/vudjeuvuj84gmail.com/Downloads/STUDY/FPTU/2026/Summer 2026/DSP391m/Do_An_F5TTS/vietnamese-voice-cloning-studio/outputs/benchmark/bark__s1-greeting.wav,112.12,,0.86126708984375,8.15615906886518,/Users/vudjeuvuj84gmail.com/Downloads/STUDY/FPTU/2026/Summer 2026/DSP391m/Do_An_F5TTS/vietnamese-voice-cloning-studio/reference_audio/sample_clean_vi.wav,"Xin chào, đây là hệ thống nhân bản giọng nói tiếng Việt.",0.05203268950461223,42,0.4398261406153982,0.0026330220655679934,ok,"Chính cao la, la, kèd bring, kèd bring, kèd bring, kèd bring, nội kèd bring.",1.25
bark-s2-general,0.8441558441558441,,0.0,14.426666666666666,bark,/Users/vudjeuvuj84gmail.com/Downloads/STUDY/FPTU/2026/Summer 2026/DSP391m/Do_An_F5TTS/vietnamese-voice-cloning-studio/outputs/benchmark/bark__s2-general.wav,112.19,,0.763885498046875,7.776571164510167,/Users/vudjeuvuj84gmail.com/Downloads/STUDY/FPTU/2026/Summer 2026/DSP391m/Do_An_F5TTS/vietnamese-voice-cloning-studio/reference_audio/sample_clean_vi.wav,Trí tuệ nhân tạo đang thay đổi cách con người giao tiếp và làm việc mỗi ngày.,0.05274490602698309,42,0.4795727708280874,0.006344915593708774,ok,"um, tree tells a body see me that the redneck con me, con me, tell a body, con me, con me",1.1764705882352942
bark-s3-number,1.9583333333333333,,0.0,13.253333333333334,bark,/Users/vudjeuvuj84gmail.com/Downloads/STUDY/FPTU/2026/Summer 2026/DSP391m/Do_An_F5TTS/vietnamese-voice-cloning-studio/outputs/benchmark/bark__s3-number.wav,95.65,,0.7127685546875,7.2170523138833,/Users/vudjeuvuj84gmail.com/Downloads/STUDY/FPTU/2026/Summer 2026/DSP391m/Do_An_F5TTS/vietnamese-voice-cloning-studio/reference_audio/sample_clean_vi.wav,Hóa đơn có giá một trăm hai mươi lăm nghìn đồng.,0.06237650232734213,42,0.47584586639798754,0.011237498679097378,ok,và là một tên phí dụng phát triển cho phát triển trong phát triển giống như phát triển và phát triển Cái gì của anh?,2.272727272727273
bark-s4-date,1.4657534246575343,,0.0,14.24,bark,/Users/vudjeuvuj84gmail.com/Downloads/STUDY/FPTU/2026/Summer 2026/DSP391m/Do_An_F5TTS/vietnamese-voice-cloning-studio/outputs/benchmark/bark__s4-date.wav,101.32,,0.671051025390625,7.115168539325842,/Users/vudjeuvuj84gmail.com/Downloads/STUDY/FPTU/2026/Summer 2026/DSP391m/Do_An_F5TTS/vietnamese-voice-cloning-studio/reference_audio/sample_clean_vi.wav,Hôm nay là ngày mười tám tháng bảy năm hai nghìn không trăm hai mươi sáu.,0.06969143005228054,42,0.4775671009632967,0.009829494320970323,ok,um certain by certain some removing addiction for agents box set or a big course injector and the box says similar tea peeled right now,1.5625
bark-s5-question,1.8627450980392157,,0.0,14.8,bark,/Users/vudjeuvuj84gmail.com/Downloads/STUDY/FPTU/2026/Summer 2026/DSP391m/Do_An_F5TTS/vietnamese-voice-cloning-studio/outputs/benchmark/bark__s5-question.wav,110.75,,0.735137939453125,7.483108108108108,/Users/vudjeuvuj84gmail.com/Downloads/STUDY/FPTU/2026/Summer 2026/DSP391m/Do_An_F5TTS/vietnamese-voice-cloning-studio/reference_audio/sample_clean_vi.wav,"Nếu trời mưa, chúng ta có nên hoãn chuyến đi không?",0.05382226301594352,42,0.45767495921198426,0.031665117174572176,ok,"this would not, this would not, this would see this one, this often property probably saying make it out of individual",1.9090909090909092
bark-s6-compound,0.7551020408163265,,0.0,14.24,bark,/Users/vudjeuvuj84gmail.com/Downloads/STUDY/FPTU/2026/Summer 2026/DSP391m/Do_An_F5TTS/vietnamese-voice-cloning-studio/outputs/benchmark/bark__s6-compound.wav,104.49,,0.65887451171875,7.337780898876404,/Users/vudjeuvuj84gmail.com/Downloads/STUDY/FPTU/2026/Summer 2026/DSP391m/Do_An_F5TTS/vietnamese-voice-cloning-studio/reference_audio/sample_clean_vi.wav,"Mặc dù trời mưa rất to, các sinh viên vẫn đến lớp đúng giờ, vì hôm nay có bài kiểm tra quan trọng.",0.07921586703130341,42,0.49254004957947445,0.0009818967183105182,ok,"Am, these dok, dok te, dok te, or dok te, or te, or fila, dok te, dok te, good te.",1.0
bark-s7-long,0.7142857142857143,,0.0,14.346666666666666,bark,/Users/vudjeuvuj84gmail.com/Downloads/STUDY/FPTU/2026/Summer 2026/DSP391m/Do_An_F5TTS/vietnamese-voice-cloning-studio/outputs/benchmark/bark__s7-long.wav,104.36,,0.62408447265625,7.2741635687732344,/Users/vudjeuvuj84gmail.com/Downloads/STUDY/FPTU/2026/Summer 2026/DSP391m/Do_An_F5TTS/vietnamese-voice-cloning-studio/reference_audio/sample_clean_vi.wav,"Trí tuệ nhân tạo đang hỗ trợ con người trong giáo dục, y tế và sản xuất; tuy nhiên, chúng ta cần sử dụng công nghệ một cách minh bạch, an toàn và có trách nhiệm.",0.056363785701856996,42,0.4610165841218767,0.020879818577712962,ok,"Thế sẽ có các tên xe tất cả mức tức, các tên không tất cả mức tất cả mức tất cả. Và chúng ta không có thể gọi là một tên xe tất cả mức tất cả.",1.0
